Num, Result
811 , 2433
396 , 1188
430 , 860
104 , 312
169 , 169
547 , 1094
214 , 428
804 , 804
107 , 107
186 , 186
143 , 429
129 , 258
151 , 302
730 , 730
765 , 1530
787 , 787
498 , 498
125 , 250
885 , 1770
424 , 848
865 , 2595
852 , 852
797 , 1594
311 , 933
848 , 1696
726 , 2178
789 , 2367
265 , 795
263 , 789
394 , 394
286 , 572
659 , 1977
697 , 697
531 , 1062
423 , 423
698 , 2094
853 , 1706
114 , 342
700 , 2100
729 , 729
476 , 476
181 , 543
810 , 1620
549 , 1647
429 , 858
364 , 364
893 , 893
264 , 528
836 , 1672
326 , 652
531 , 1062
428 , 1284
835 , 1670
653 , 653
689 , 1378
394 , 788
326 , 326
463 , 1389
677 , 2031
599 , 1797
355 , 710
569 , 569
829 , 829
251 , 753
725 , 1450
614 , 614
281 , 281
199 , 597
867 , 867
243 , 243
272 , 544
605 , 1815
325 , 650
100 , 200
516 , 1548
268 , 804
883 , 2649
858 , 858
365 , 730
146 , 292
508 , 1524
120 , 120
596 , 1788
810 , 2430
639 , 1917
365 , 365
265 , 265
883 , 2649
751 , 2253
217 , 651
344 , 688
691 , 2073
264 , 528
527 , 1054
530 , 530
185 , 555
172 , 516
263 , 789
520 , 520
624 , 624
221 , 442
485 , 1455
280 , 560
838 , 2514
899 , 899
124 , 124
887 , 2661
405 , 1215
100 , 300
388 , 388
274 , 548
699 , 1398
627 , 627
551 , 551
859 , 1718
260 , 780
528 , 1056
683 , 2049
782 , 2346
634 , 1902
761 , 761
640 , 1280
478 , 956
731 , 1462
650 , 650
595 , 1785
552 , 1104
468 , 468
234 , 234
850 , 850
637 , 637
748 , 1496
337 , 337
718 , 1436
308 , 616
354 , 708
642 , 1284
863 , 2589
477 , 477
388 , 776
825 , 2475
189 , 378
353 , 1059
851 , 2553
613 , 1226
641 , 1282
231 , 462
656 , 1968
620 , 1240
680 , 2040
820 , 820
735 , 1470
642 , 1926
249 , 249
148 , 444
752 , 2256
285 , 855
184 , 552
879 , 879
760 , 760
453 , 1359
705 , 2115
491 , 982
409 , 409
482 , 964
540 , 1080
852 , 1704
822 , 2466
123 , 246
574 , 1148
384 , 384
603 , 1809
892 , 2676
127 , 381
421 , 842
216 , 648
810 , 1620
625 , 1250
349 , 698
179 , 537
626 , 1878
797 , 1594
458 , 916
809 , 1618
256 , 512
164 , 328
318 , 636
772 , 1544
613 , 1226
383 , 1149
690 , 2070
798 , 798
222 , 666
842 , 1684
171 , 342
492 , 1476
732 , 732
329 , 658
684 , 1368
179 , 358
326 , 326
632 , 1896
690 , 690
845 , 1690
641 , 1923
520 , 520
790 , 1580
807 , 807
865 , 1730
593 , 1186
510 , 1530
211 , 633
832 , 2496
403 , 1209
271 , 271
632 , 632
724 , 1448
536 , 536
189 , 567
225 , 675
769 , 2307
386 , 386
418 , 836
228 , 684
479 , 1437
149 , 298
723 , 723
250 , 500
752 , 1504
135 , 405
584 , 1168
149 , 149
539 , 539
704 , 1408
534 , 534
724 , 2172
221 , 663
151 , 151
189 , 567
183 , 183
847 , 847
624 , 624
588 , 588
328 , 984
748 , 2244
671 , 1342
607 , 1214
258 , 516
476 , 952
621 , 1863
741 , 2223
211 , 633
891 , 1782
641 , 1282
617 , 617
761 , 2283
802 , 1604
303 , 909
330 , 330
237 , 237
732 , 732
740 , 2220
830 , 2490
206 , 618
213 , 426
896 , 896
868 , 868
418 , 1254
441 , 441
117 , 351
219 , 657
116 , 232
864 , 864
846 , 2538
117 , 117
125 , 375
741 , 741
275 , 275
874 , 874
896 , 2688
357 , 714
393 , 393
176 , 352
494 , 1482
458 , 1374
630 , 630
213 , 426
712 , 2136
379 , 379
855 , 855
805 , 2415
423 , 1269
722 , 722
500 , 1000
535 , 1070
337 , 674
313 , 626
736 , 736
675 , 2025
202 , 606
436 , 436
490 , 980
504 , 1512
507 , 1521
648 , 1944
203 , 406
859 , 1718
350 , 700
108 , 324
201 , 201
125 , 250
340 , 1020
805 , 1610
604 , 604
189 , 378
369 , 1107
663 , 663
755 , 755
884 , 1768
643 , 1929
447 , 447
490 , 980
147 , 147
641 , 641
546 , 1092
377 , 1131
787 , 787
831 , 1662
564 , 1692
599 , 599
696 , 696
640 , 640
751 , 1502
443 , 886
270 , 810
243 , 486
209 , 418
493 , 493
336 , 336
129 , 129
735 , 735
439 , 439
841 , 841
160 , 480
113 , 339
790 , 790
796 , 1592
732 , 732
761 , 761
413 , 1239
290 , 580
198 , 594
792 , 1584
256 , 256
374 , 748
360 , 720
594 , 594
586 , 1758
369 , 369
888 , 1776
745 , 2235
808 , 2424
517 , 517
252 , 252
416 , 416
267 , 801
232 , 464
832 , 1664
593 , 593
878 , 2634
483 , 1449
733 , 1466
887 , 1774
242 , 484
715 , 1430
433 , 433
105 , 210
672 , 672
143 , 429
425 , 1275
181 , 362
453 , 906
672 , 2016
303 , 909
506 , 506
575 , 575
107 , 107
807 , 807
539 , 1617
609 , 609
286 , 858
253 , 759
583 , 583
550 , 550
514 , 514
352 , 1056
429 , 429
733 , 1466
425 , 425
478 , 956
392 , 1176
215 , 215
218 , 436
749 , 749
340 , 1020
329 , 329
334 , 1002
801 , 2403
726 , 1452
241 , 482
551 , 1653
700 , 2100
629 , 1258
745 , 2235
346 , 692
898 , 1796
842 , 2526
481 , 481
523 , 1569
722 , 722
727 , 2181
597 , 1194
123 , 123
864 , 1728
115 , 115
250 , 250
399 , 1197
542 , 1084
333 , 666
745 , 2235
446 , 892
476 , 1428
481 , 1443
525 , 1575
475 , 950
225 , 675
184 , 184
177 , 354
357 , 357
303 , 303
299 , 897
176 , 528
688 , 1376
792 , 1584
523 , 1569
327 , 981
146 , 146
268 , 804
473 , 946
102 , 306
864 , 2592
643 , 1929
267 , 267
547 , 1094
655 , 1310
182 , 364
686 , 686
818 , 818
530 , 530
846 , 2538
893 , 893
254 , 254
397 , 1191
331 , 993
847 , 2541
487 , 974
157 , 157
178 , 178
527 , 1581
497 , 994
232 , 464
281 , 843
150 , 450
792 , 792
754 , 754
739 , 2217
324 , 972
643 , 1286
549 , 1098
342 , 342
801 , 801
900 , 1800
319 , 638
888 , 2664
205 , 205
842 , 2526
591 , 1773
215 , 430
403 , 403
487 , 1461
310 , 620
783 , 2349
768 , 768
787 , 2361
894 , 894
457 , 457
383 , 1149
536 , 1072
847 , 1694
581 , 581
282 , 846
281 , 281
851 , 851
280 , 280
746 , 2238
558 , 1116
423 , 1269
373 , 373
887 , 887
542 , 542
306 , 612
805 , 2415
431 , 862
100 , 100
189 , 189
505 , 505
492 , 492
418 , 418
548 , 1644
431 , 431
531 , 1062
598 , 598
319 , 319
202 , 202
338 , 676
204 , 408
707 , 1414
453 , 906
482 , 482
102 , 102
815 , 2445
254 , 508
644 , 644
657 , 1971
752 , 2256
893 , 1786
618 , 1854
681 , 1362
515 , 515
397 , 794
595 , 595
308 , 308
228 , 456
280 , 840
718 , 1436
648 , 1296
487 , 487
300 , 600
157 , 157
262 , 262
319 , 319
783 , 783
451 , 451
168 , 168
625 , 1250
622 , 1866
141 , 423
877 , 2631
679 , 1358
749 , 749
515 , 1030
308 , 308
131 , 262
165 , 330
366 , 1098
361 , 1083
644 , 644
672 , 672
246 , 492
634 , 1268
889 , 1778
842 , 2526
317 , 951
234 , 702
814 , 1628
295 , 295
177 , 177
549 , 1098
775 , 1550
819 , 1638
124 , 124
808 , 1616
759 , 759
484 , 1452
163 , 489
860 , 2580
207 , 414
629 , 629
777 , 1554
220 , 660
291 , 873
583 , 583
631 , 1893
412 , 1236
272 , 544
573 , 1719
262 , 262
247 , 494
500 , 1000
311 , 622
179 , 358
886 , 886
207 , 414
863 , 1726
793 , 793
400 , 400
187 , 187
517 , 1551
885 , 1770
435 , 435
320 , 640
193 , 386
299 , 299
429 , 858
536 , 1608
863 , 863
353 , 353
610 , 1220
755 , 2265
579 , 1158
423 , 1269
323 , 323
345 , 345
396 , 792
406 , 406
701 , 1402
146 , 146
388 , 776
629 , 629
874 , 874
386 , 1158
537 , 1074
207 , 621
599 , 1198
610 , 1830
582 , 582
518 , 518
221 , 221
135 , 270
822 , 2466
522 , 522
265 , 795
706 , 1412
164 , 164
456 , 456
689 , 1378
243 , 729
849 , 849
693 , 693
899 , 2697
231 , 693
689 , 1378
431 , 431
120 , 120
567 , 567
441 , 1323
645 , 1290
680 , 2040
644 , 644
309 , 618
404 , 808
260 , 520
824 , 824
297 , 594
278 , 278
412 , 824
385 , 770
530 , 1590
386 , 386
693 , 2079
142 , 142
112 , 224
836 , 1672
218 , 436
781 , 2343
179 , 358
495 , 990
675 , 2025
876 , 1752
703 , 2109
450 , 900
779 , 1558
329 , 658
742 , 1484
873 , 1746
413 , 1239
342 , 342
687 , 687
622 , 1866
757 , 2271
797 , 2391
540 , 1080
661 , 661
551 , 551
618 , 1854
357 , 357
740 , 740
816 , 816
840 , 2520
400 , 400
306 , 918
226 , 226
291 , 873
562 , 1124
790 , 790
282 , 846
813 , 2439
852 , 852
283 , 566
756 , 2268
734 , 1468
756 , 1512
707 , 1414
191 , 191
308 , 616
499 , 499
176 , 352
181 , 181
328 , 328
412 , 1236
396 , 792
411 , 411
358 , 716
684 , 2052
134 , 134
193 , 193
288 , 864
633 , 1899
571 , 1142
563 , 1689
858 , 2574
313 , 939
485 , 485
405 , 810
887 , 887
410 , 1230
741 , 2223
227 , 227
778 , 1556
667 , 2001
402 , 804
396 , 792
729 , 1458
513 , 1539
395 , 1185
147 , 147
478 , 478
402 , 402
122 , 244
256 , 256
894 , 2682
467 , 934
602 , 1806
140 , 420
382 , 382
333 , 333
259 , 518
396 , 1188
724 , 724
488 , 488
728 , 2184
277 , 554
691 , 1382
612 , 1836
629 , 1887
474 , 474
535 , 1605
423 , 423
276 , 552
545 , 1090
194 , 388
829 , 829
210 , 630
591 , 591
619 , 1857
561 , 1683
843 , 1686
794 , 2382
895 , 1790
178 , 534
247 , 247
748 , 2244
538 , 538
255 , 765
620 , 620
458 , 916
283 , 566
649 , 1298
529 , 529
635 , 1270
611 , 1222
780 , 1560
618 , 1854
544 , 1632
130 , 390
107 , 214
190 , 380
774 , 774
159 , 318
601 , 1803
297 , 891
669 , 2007
692 , 2076
496 , 992
245 , 245
486 , 972
641 , 1282
449 , 898
738 , 738
897 , 2691
428 , 1284
143 , 143
659 , 1318
868 , 2604
322 , 322
511 , 511
402 , 402
185 , 185
432 , 1296
194 , 582
727 , 727
748 , 1496
414 , 414
109 , 327
854 , 2562
837 , 1674
788 , 2364
154 , 308
567 , 1701
801 , 801
819 , 2457
157 , 471
776 , 776
124 , 248
485 , 1455
410 , 1230
397 , 1191
495 , 495
858 , 858
656 , 656
574 , 574
319 , 319
746 , 746
638 , 638
784 , 2352
653 , 1959
564 , 1692
722 , 722
314 , 628
843 , 2529
616 , 616
291 , 582
787 , 2361
132 , 264
127 , 127
261 , 261
646 , 1938
181 , 362
431 , 1293
438 , 1314
207 , 414
711 , 2133
506 , 506
230 , 690
843 , 843
298 , 298
381 , 381
370 , 1110
717 , 717
254 , 762
688 , 2064
507 , 1014
134 , 134
545 , 1090
290 , 290
767 , 1534
578 , 1156
445 , 1335
481 , 1443
155 , 465
648 , 648
390 , 780
162 , 486
809 , 1618
390 , 390
724 , 1448
537 , 1074
124 , 372
865 , 865
505 , 1515
193 , 386
248 , 248
494 , 1482
543 , 543
824 , 2472
512 , 1024
336 , 336
238 , 476
421 , 421
658 , 1316
439 , 1317
815 , 2445
570 , 1710
643 , 1929
343 , 343
469 , 938
813 , 813
641 , 641
256 , 768
234 , 468
145 , 435
715 , 1430
565 , 1695
270 , 810
560 , 560
586 , 1758
510 , 1530
646 , 1938
251 , 251
389 , 778
128 , 384
699 , 699
126 , 378
428 , 428
766 , 766
875 , 1750
431 , 1293
202 , 404
864 , 2592
899 , 1798
620 , 1240
216 , 648
679 , 679
896 , 2688
411 , 1233
390 , 780
831 , 2493
121 , 363
117 , 351
791 , 2373
588 , 1764
473 , 1419
510 , 510
289 , 867
865 , 865
743 , 1486
687 , 2061
375 , 750
778 , 778
814 , 1628
884 , 2652
579 , 1737
504 , 504
686 , 2058
205 , 205
601 , 1803
181 , 181
761 , 2283
547 , 1641
306 , 612
664 , 1992
673 , 2019
174 , 174
703 , 1406
327 , 654
450 , 900
264 , 528
593 , 593
588 , 1176
268 , 804
360 , 360
636 , 636
485 , 970
378 , 756
819 , 1638
876 , 1752
388 , 776
682 , 682
383 , 383
843 , 843
814 , 814
511 , 1533
561 , 561
513 , 1026
702 , 702
849 , 1698
853 , 853
659 , 659
786 , 786
754 , 754
632 , 632
309 , 618
369 , 738
613 , 613
601 , 1202
759 , 759
768 , 768
526 , 1578
510 , 1020
828 , 1656
829 , 2487
355 , 710
708 , 2124
430 , 860
570 , 1140
707 , 707
310 , 930
534 , 1602
674 , 674
783 , 783
143 , 429
792 , 792
672 , 672
690 , 2070
257 , 257
477 , 477
841 , 1682
830 , 2490
707 , 707
552 , 1104
582 , 1746
565 , 565
704 , 704
553 , 1659
444 , 1332
335 , 1005
274 , 548
439 , 439
248 , 248
362 , 1086
137 , 411
439 , 878
494 , 1482
292 , 584
734 , 1468
508 , 1524
136 , 136
596 , 1192
211 , 422
301 , 903
290 , 290
578 , 578
542 , 542
630 , 630
434 , 434
404 , 808
298 , 298
879 , 879
492 , 1476
357 , 714
229 , 229
452 , 452
329 , 987
742 , 1484
181 , 543
352 , 1056
335 , 670
579 , 1158
291 , 873
632 , 1264
817 , 817
492 , 1476
461 , 922
745 , 1490
629 , 1887
464 , 928
748 , 748
319 , 957
166 , 498
334 , 1002
218 , 436
339 , 678
237 , 711
190 , 190
745 , 2235
648 , 1296
661 , 1983
864 , 1728
191 , 191
635 , 635
181 , 362
581 , 1162
811 , 1622
849 , 2547
177 , 354
781 , 1562
448 , 896
518 , 1036
667 , 667
290 , 870
480 , 480
195 , 585
689 , 1378
272 , 816
800 , 2400
181 , 543
257 , 771
534 , 534
691 , 691
807 , 807
542 , 542
268 , 804
245 , 735
693 , 1386
418 , 418
271 , 542
442 , 884
783 , 1566
448 , 1344
110 , 110
511 , 511
367 , 1101
587 , 1761
819 , 2457
746 , 2238
509 , 1018
870 , 870
811 , 1622
436 , 1308
631 , 1893
332 , 996
314 , 628
860 , 2580
231 , 693
532 , 1064
802 , 2406
746 , 2238
522 , 522
579 , 1158
635 , 1270
797 , 797
333 , 999
359 , 718
777 , 2331
374 , 374
280 , 840
303 , 606
329 , 987
821 , 821
390 , 1170
761 , 1522
692 , 2076
421 , 421
243 , 243
885 , 1770
650 , 1300
550 , 1100
876 , 876
653 , 1306
702 , 2106
177 , 177
121 , 242
683 , 1366
762 , 1524
262 , 262
160 , 480
410 , 410
871 , 2613
767 , 767
355 , 355
526 , 1578
328 , 656
123 , 246
354 , 1062
475 , 950
163 , 326
244 , 244
889 , 889
392 , 784
447 , 1341
217 , 434
349 , 1047
348 , 696
136 , 408
596 , 596
472 , 944
773 , 2319
272 , 816
424 , 424
621 , 1242
326 , 652
695 , 2085
127 , 254
753 , 1506
380 , 1140
406 , 1218
731 , 731
760 , 760
626 , 1252
530 , 1060
297 , 891
601 , 1803
866 , 1732
141 , 423
900 , 1800
221 , 221
859 , 1718
518 , 1036
869 , 2607
640 , 1920
557 , 557
172 , 344
303 , 303
556 , 1668
477 , 477
524 , 1572
318 , 636
722 , 722
247 , 247
801 , 2403
253 , 506
819 , 819
265 , 265
519 , 1038
345 , 690
423 , 846
773 , 773
323 , 646
501 , 501
207 , 414
605 , 605
886 , 886
581 , 581
374 , 374
396 , 792
838 , 838
310 , 930
734 , 734
485 , 970
742 , 1484
195 , 195
475 , 475
544 , 1632
772 , 2316
409 , 409
671 , 671
685 , 1370
316 , 316
888 , 2664
549 , 1647
141 , 141
613 , 1839
342 , 342
748 , 2244
590 , 1180
606 , 1212
310 , 930
272 , 544
547 , 1641
653 , 1959
873 , 873
420 , 1260
147 , 294
540 , 1620
785 , 785
224 , 672
409 , 409
662 , 662
272 , 272
697 , 2091
468 , 936
198 , 594
844 , 844
345 , 1035
746 , 1492
599 , 1797
658 , 658
463 , 1389
272 , 816
730 , 1460
206 , 618
484 , 1452
388 , 776
846 , 1692
371 , 1113
627 , 1881
777 , 2331
441 , 1323
514 , 1028
596 , 596
296 , 592
822 , 2466
796 , 2388
404 , 808
877 , 1754
339 , 1017
311 , 933
573 , 573
840 , 2520
876 , 1752
702 , 1404
721 , 721
573 , 1719
296 , 592
661 , 1983
633 , 1266
117 , 234
792 , 792
536 , 1072
129 , 129
654 , 654
781 , 1562
742 , 1484
721 , 1442
456 , 456
852 , 2556
112 , 112
654 , 654
502 , 502
422 , 844
196 , 588
672 , 1344
182 , 546
704 , 704
203 , 406
729 , 2187
187 , 561
777 , 2331
251 , 251
668 , 1336
689 , 689
871 , 871
120 , 240
631 , 1893
868 , 2604
368 , 736
286 , 572
448 , 1344
286 , 286
465 , 1395
570 , 1710
319 , 319
329 , 658
485 , 970
354 , 708
324 , 648
618 , 618
699 , 2097
655 , 1965
702 , 2106
277 , 277
759 , 759
693 , 1386
555 , 555
575 , 1725
591 , 591
354 , 354
167 , 501
577 , 1731
232 , 696
509 , 1018
408 , 816
452 , 1356
395 , 395
136 , 136
642 , 1926
740 , 2220
118 , 236
531 , 1062
213 , 639
273 , 819
729 , 2187
502 , 1506
488 , 976
440 , 880
463 , 926
837 , 837
307 , 614
223 , 669
794 , 2382
758 , 1516
255 , 510
800 , 2400
561 , 1122
117 , 234
222 , 666
536 , 1608
337 , 674
164 , 164
633 , 1266
702 , 1404
230 , 690
562 , 562
146 , 292
193 , 193
703 , 703
869 , 1738
261 , 261
516 , 1032
393 , 1179
476 , 952
602 , 1204
635 , 635
290 , 580
857 , 857
601 , 1803
828 , 2484
802 , 802
485 , 1455
807 , 807
353 , 353
364 , 1092
610 , 1220
328 , 328
676 , 2028
263 , 263
240 , 720
203 , 406
713 , 713
410 , 820
514 , 514
866 , 1732
586 , 1172
513 , 1539
829 , 829
621 , 1863
802 , 802
236 , 472
140 , 420
710 , 1420
251 , 251
325 , 650
436 , 872
871 , 2613
652 , 1956
797 , 797
547 , 1641
511 , 511
527 , 1054
540 , 1620
135 , 135
739 , 739
854 , 2562
183 , 183
310 , 620
876 , 876
118 , 118
176 , 176
816 , 1632
738 , 738
672 , 2016
318 , 318
765 , 1530
168 , 504
666 , 666
689 , 1378
340 , 340
782 , 1564
368 , 736
141 , 282
667 , 1334
622 , 622
105 , 210
889 , 1778
690 , 2070
197 , 197
700 , 1400
763 , 2289
719 , 2157
714 , 1428
291 , 582
328 , 656
237 , 474
713 , 713
153 , 306
256 , 768
470 , 1410
660 , 660
118 , 354
766 , 766
895 , 2685
198 , 594
363 , 1089
449 , 1347
452 , 452
628 , 1884
775 , 2325
417 , 834
536 , 1608
177 , 354
779 , 1558
743 , 743
467 , 1401
237 , 711
585 , 585
839 , 839
448 , 896
805 , 805
117 , 351
749 , 2247
399 , 399
217 , 651
720 , 2160
817 , 817
414 , 1242
114 , 114
145 , 290
733 , 733
285 , 855
784 , 784
661 , 661
886 , 1772
386 , 1158
454 , 454
159 , 159
707 , 2121
596 , 1192
419 , 1257
609 , 1827
217 , 434
318 , 954
587 , 1174
279 , 837
419 , 419
785 , 785
499 , 499
514 , 1028
142 , 142
668 , 2004
365 , 365
601 , 601
396 , 792
567 , 567
649 , 1947
488 , 1464
285 , 855
352 , 352
219 , 657
537 , 1074
815 , 2445
289 , 867
204 , 408
199 , 398
309 , 927
294 , 294
336 , 336
522 , 1044
699 , 1398
705 , 2115
374 , 1122
220 , 220
763 , 2289
124 , 372
634 , 634
865 , 2595
438 , 1314
294 , 588
500 , 1500
531 , 531
269 , 269
672 , 672
888 , 888
601 , 1803
650 , 1950
887 , 1774
523 , 1046
457 , 457
419 , 838
730 , 2190
152 , 152
459 , 918
748 , 2244
472 , 472
734 , 2202
740 , 740
458 , 458
249 , 747
579 , 579
688 , 688
804 , 1608
277 , 277
847 , 847
164 , 492
642 , 642
239 , 717
288 , 576
427 , 427
335 , 335
250 , 750
378 , 756
216 , 648
539 , 1617
841 , 2523
278 , 834
444 , 1332
734 , 1468
343 , 1029
591 , 591
888 , 2664
369 , 1107
316 , 948
292 , 584
292 , 584
695 , 1390
862 , 1724
736 , 2208
484 , 484
708 , 708
750 , 750
677 , 1354
527 , 1581
223 , 669
667 , 667
328 , 328
266 , 266
433 , 866
333 , 999
374 , 1122
297 , 594
407 , 814
826 , 2478
682 , 682
607 , 1214
224 , 224
654 , 654
550 , 1100
479 , 479
802 , 2406
312 , 312
739 , 739
694 , 1388
756 , 2268
181 , 362
816 , 2448
494 , 494
540 , 1620
136 , 408
830 , 1660
890 , 1780
862 , 1724
467 , 1401
797 , 797
725 , 725
414 , 828
509 , 1018
288 , 864
472 , 472
360 , 720
681 , 2043
347 , 1041
276 , 828
896 , 896
848 , 2544
681 , 1362
268 , 804
200 , 600
261 , 783
864 , 864
500 , 1000
754 , 1508
898 , 2694
174 , 174
527 , 1581
321 , 321
661 , 1983
422 , 422
659 , 1977
660 , 1980
163 , 163
310 , 620
846 , 1692
864 , 864
573 , 573
240 , 720
393 , 393
393 , 1179
875 , 2625
470 , 1410
140 , 140
608 , 1216
812 , 812
566 , 566
395 , 1185
897 , 897
515 , 1030
508 , 1524
519 , 1038
855 , 1710
488 , 1464
506 , 506
430 , 860
582 , 1746
832 , 1664
514 , 514
643 , 1929
181 , 181
527 , 1054
173 , 346
103 , 309
718 , 2154
885 , 885
537 , 1611
789 , 1578
604 , 1812
354 , 708
771 , 771
226 , 678
211 , 633
673 , 2019
538 , 1614
451 , 1353
101 , 303
689 , 689
137 , 411
666 , 1332
319 , 957
231 , 462
825 , 825
312 , 936
622 , 622
479 , 958
689 , 1378
713 , 713
110 , 110
628 , 628
715 , 715
317 , 634
401 , 1203
446 , 892
825 , 1650
683 , 2049
422 , 844
640 , 1280
833 , 833
811 , 1622
108 , 108
110 , 330
242 , 242
823 , 1646
343 , 1029
654 , 1308
110 , 330
258 , 774
876 , 1752
502 , 1004
596 , 1192
846 , 846
286 , 286
859 , 859
675 , 2025
615 , 615
235 , 235
853 , 2559
567 , 567
536 , 1608
881 , 2643
312 , 624
231 , 231
169 , 507
708 , 2124
842 , 842
445 , 445
432 , 864
212 , 636
765 , 765
290 , 580
837 , 1674
873 , 1746
215 , 215
375 , 750
119 , 238
348 , 696
551 , 1653
209 , 209
242 , 726
449 , 898
740 , 2220
625 , 625
710 , 2130
693 , 1386
780 , 780
168 , 504
224 , 672
579 , 1158
885 , 1770
487 , 974
571 , 571
349 , 349
237 , 237
212 , 636
660 , 660
776 , 776
743 , 1486
543 , 1629
344 , 344
424 , 1272
614 , 1842
872 , 872
410 , 410
283 , 849
156 , 156
133 , 133
317 , 634
198 , 198
317 , 951
852 , 1704
693 , 2079
696 , 2088
801 , 801
394 , 788
421 , 842
842 , 2526
407 , 1221
680 , 2040
562 , 1124
780 , 1560
781 , 2343
324 , 972
515 , 1545
412 , 824
449 , 449
862 , 1724
453 , 453
544 , 1632
435 , 435
744 , 2232
481 , 481
340 , 1020
767 , 1534
686 , 1372
482 , 1446
772 , 772
672 , 2016
526 , 1052
889 , 2667
336 , 672
304 , 304
274 , 548
181 , 362
236 , 236
620 , 1240
598 , 598
679 , 679
410 , 1230
221 , 663
262 , 786
762 , 1524
624 , 1248
390 , 780
360 , 1080
539 , 1078
462 , 1386
751 , 751
834 , 834
330 , 330
616 , 1848
697 , 2091
467 , 467
523 , 523
289 , 289
608 , 608
777 , 777
705 , 705
219 , 219
545 , 1090
785 , 2355
637 , 1911
562 , 1686
356 , 356
456 , 912
577 , 577
572 , 572
335 , 335
627 , 1881
717 , 1434
617 , 617
390 , 780
106 , 106
503 , 1006
456 , 1368
390 , 1170
661 , 1322
307 , 921
141 , 423
207 , 207
554 , 554
511 , 1533
174 , 348
672 , 1344
632 , 1264
252 , 504
271 , 271
879 , 2637
484 , 968
144 , 144
694 , 2082
203 , 203
718 , 2154
265 , 530
113 , 339
508 , 1524
553 , 1659
129 , 129
667 , 2001
407 , 1221
323 , 969
729 , 729
301 , 903
176 , 528
111 , 333
103 , 206
325 , 975
532 , 1596
200 , 200
178 , 534
407 , 407
812 , 1624
575 , 575
205 , 410
552 , 1104
367 , 367
333 , 999
766 , 766
216 , 216
687 , 2061
354 , 708
346 , 1038
384 , 768
669 , 2007
114 , 342
247 , 741
139 , 278
271 , 813
513 , 1539
855 , 1710
569 , 1707
802 , 2406
219 , 657
896 , 896
747 , 1494
745 , 2235
680 , 1360
844 , 1688
270 , 540
244 , 488
262 , 524
391 , 391
122 , 366
635 , 1270
604 , 604
283 , 283
729 , 2187
617 , 1851
304 , 912
577 , 1731
459 , 1377
709 , 709
301 , 301
111 , 111
844 , 2532
421 , 842
281 , 843
892 , 892
687 , 687
299 , 897
803 , 803
777 , 777
628 , 1256
688 , 2064
186 , 558
606 , 1818
395 , 395
445 , 445
730 , 2190
487 , 487
280 , 560
166 , 166
408 , 816
639 , 1917
555 , 1665
896 , 896
819 , 819
376 , 1128
210 , 210
305 , 610
344 , 1032
730 , 1460
726 , 726
874 , 874
808 , 2424
625 , 625
840 , 1680
154 , 462
549 , 1647
185 , 185
599 , 1797
687 , 687
165 , 165
522 , 522
817 , 1634
150 , 150
613 , 613
184 , 184
531 , 1062
715 , 2145
895 , 1790
813 , 2439
439 , 1317
457 , 457
395 , 1185
347 , 694
532 , 1596
761 , 2283
462 , 462
433 , 433
415 , 415
831 , 831
639 , 1917
719 , 1438
716 , 2148
194 , 582
115 , 345
709 , 709
281 , 843
124 , 372
153 , 459
174 , 348
684 , 1368
349 , 1047
537 , 537
819 , 2457
640 , 1920
621 , 621
194 , 582
584 , 1752
892 , 892
547 , 547
641 , 641
684 , 684
394 , 394
416 , 416
866 , 1732
215 , 645
528 , 1584
547 , 1094
897 , 1794
407 , 407
379 , 1137
360 , 720
554 , 1662
299 , 299
713 , 2139
415 , 830
870 , 870
311 , 933
456 , 456
344 , 1032
571 , 571
475 , 1425
791 , 2373
594 , 594
887 , 2661
477 , 1431
248 , 744
850 , 2550
494 , 988
835 , 2505
658 , 1974
363 , 1089
891 , 1782
268 , 804
668 , 668
179 , 358
812 , 2436
440 , 440
825 , 2475
412 , 412
576 , 576
248 , 744
393 , 786
458 , 458
587 , 587
360 , 720
870 , 870
658 , 1974
268 , 268
786 , 786
484 , 484
659 , 1318
259 , 518
125 , 250
654 , 1308
365 , 365
125 , 250
599 , 1797
263 , 263
724 , 724
615 , 1845
748 , 1496
285 , 570
801 , 2403
386 , 772
165 , 165
667 , 2001
262 , 786
749 , 2247
205 , 205
381 , 1143
128 , 128
474 , 474
114 , 114
781 , 781
616 , 616
713 , 713
376 , 752
633 , 633
449 , 898
160 , 480
573 , 573
282 , 564
813 , 2439
385 , 770
464 , 928
185 , 185
420 , 840
844 , 1688
543 , 1629
250 , 750
835 , 1670
591 , 591
666 , 1998
288 , 288
848 , 848
436 , 1308
344 , 1032
295 , 295
766 , 766
531 , 531
760 , 1520
337 , 674
113 , 226
461 , 1383
100 , 100
744 , 744
336 , 672
160 , 480
894 , 894
583 , 1749
550 , 1100
869 , 869
475 , 475
278 , 556
607 , 607
382 , 1146
507 , 507
498 , 1494
868 , 1736
568 , 1704
745 , 1490
854 , 2562
631 , 1893
576 , 1152
616 , 616
115 , 115
424 , 848
354 , 1062
716 , 716
138 , 138
898 , 1796
186 , 186
532 , 532
845 , 1690
607 , 1821
203 , 203
462 , 1386
700 , 1400
870 , 2610
361 , 361
216 , 216
443 , 886
531 , 1593
564 , 564
248 , 744
731 , 1462
491 , 982
104 , 208
189 , 189
672 , 1344
422 , 422
348 , 348
636 , 1272
657 , 1314
629 , 1258
879 , 879
368 , 736
490 , 1470
872 , 872
467 , 1401
312 , 936
737 , 737
459 , 918
564 , 564
778 , 1556
899 , 2697
692 , 1384
497 , 1491
679 , 2037
799 , 2397
764 , 764
461 , 461
517 , 1034
759 , 2277
388 , 776
660 , 660
436 , 436
852 , 852
401 , 401
802 , 2406
405 , 810
618 , 1854
896 , 2688
637 , 637
819 , 1638
761 , 2283
309 , 309
714 , 2142
320 , 320
527 , 1581
393 , 786
372 , 372
257 , 771
799 , 1598
681 , 1362
584 , 1168
714 , 2142
875 , 875
254 , 508
316 , 632
664 , 1992
522 , 1566
668 , 668
412 , 824
627 , 627
812 , 1624
221 , 663
376 , 752
395 , 395
835 , 1670
193 , 386
273 , 546
780 , 1560
159 , 159
828 , 2484
301 , 602
102 , 306
239 , 717
309 , 927
479 , 1437
286 , 572
692 , 2076
742 , 1484
446 , 1338
667 , 667
221 , 221
224 , 224
706 , 2118
265 , 530
899 , 1798
178 , 534
556 , 556
387 , 1161
674 , 674
658 , 1974
246 , 492
793 , 793
320 , 640
144 , 288
503 , 1509
663 , 1989
448 , 1344
305 , 915
438 , 1314
582 , 1746
533 , 533
729 , 1458
437 , 1311
301 , 602
886 , 1772
706 , 2118
561 , 1683
474 , 948
865 , 865
722 , 1444
411 , 411
263 , 789
353 , 353
375 , 375
582 , 1746
463 , 463
157 , 314
827 , 1654
471 , 471
854 , 1708
821 , 821
256 , 512
671 , 1342
771 , 1542
821 , 821
523 , 1569
322 , 644
749 , 1498
381 , 1143
717 , 1434
474 , 1422
842 , 842
631 , 1893
847 , 1694
453 , 906
443 , 1329
341 , 1023
778 , 1556
893 , 2679
649 , 1298
118 , 236
416 , 1248
328 , 656
313 , 626
549 , 1647
606 , 1212
750 , 1500
254 , 508
419 , 1257
233 , 233
685 , 1370
209 , 418
414 , 1242
343 , 1029
869 , 869
595 , 1785
285 , 285
587 , 587
376 , 1128
298 , 298
790 , 1580
219 , 219
150 , 450
386 , 1158
715 , 1430
367 , 734
483 , 483
762 , 762
778 , 2334
713 , 713
396 , 792
613 , 1226
839 , 839
742 , 1484
836 , 836
282 , 846
291 , 291
107 , 107
277 , 831
486 , 972
880 , 1760
831 , 2493
230 , 690
147 , 147
833 , 833
214 , 642
875 , 875
735 , 735
481 , 962
125 , 375
238 , 238
695 , 2085
743 , 2229
285 , 855
688 , 688
494 , 494
856 , 2568
475 , 475
716 , 2148
426 , 426
690 , 1380
499 , 998
419 , 1257
356 , 1068
119 , 238
760 , 2280
646 , 1938
515 , 1545
809 , 1618
208 , 416
854 , 2562
709 , 1418
598 , 1196
655 , 1965
114 , 114
408 , 1224
466 , 932
870 , 2610
103 , 206
860 , 1720
296 , 888
117 , 234
427 , 854
398 , 398
134 , 134
739 , 739
364 , 1092
758 , 1516
161 , 161
284 , 284
175 , 350
622 , 622
532 , 1064
653 , 1306
622 , 1866
657 , 1314
552 , 1104
470 , 1410
517 , 1551
763 , 1526
441 , 441
886 , 2658
675 , 2025
310 , 620
586 , 1758
250 , 250
651 , 1953
720 , 720
747 , 1494
679 , 2037
781 , 2343
768 , 2304
816 , 816
859 , 2577
725 , 2175
668 , 1336
671 , 671
249 , 747
179 , 358
278 , 278
113 , 226
388 , 1164
719 , 719
490 , 980
593 , 593
236 , 472
764 , 1528
632 , 1896
185 , 555
565 , 565
230 , 230
777 , 2331
786 , 786
373 , 746
763 , 2289
249 , 747
669 , 669
401 , 401
222 , 444
855 , 855
611 , 611
312 , 624
304 , 608
418 , 418
114 , 114
221 , 221
531 , 531
363 , 363
669 , 2007
777 , 2331
536 , 1608
619 , 1857
353 , 706
743 , 1486
667 , 1334
703 , 2109
596 , 1192
346 , 1038
170 , 170
613 , 1226
682 , 682
416 , 416
628 , 628
780 , 780
872 , 2616
705 , 2115
548 , 1096
431 , 862
332 , 332
740 , 740
525 , 525
207 , 621
719 , 1438
325 , 325
428 , 1284
780 , 780
693 , 2079
530 , 530
900 , 900
263 , 526
777 , 1554
398 , 796
714 , 2142
294 , 882
249 , 747
807 , 807
204 , 612
768 , 768
798 , 798
615 , 1230
113 , 113
230 , 690
121 , 363
871 , 871
328 , 984
300 , 300
608 , 608
807 , 1614
718 , 718
240 , 240
267 , 801
255 , 510
436 , 436
116 , 232
428 , 428
770 , 1540
349 , 698
201 , 603
273 , 546
673 , 1346
622 , 622
200 , 400
155 , 465
520 , 520
250 , 750
886 , 1772
779 , 1558
200 , 600
660 , 1320
524 , 1048
675 , 1350
597 , 1791
141 , 282
186 , 186
803 , 1606
253 , 506
672 , 2016
502 , 1004
574 , 1722
522 , 1044
447 , 1341
225 , 450
559 , 559
511 , 1022
586 , 1758
693 , 693
416 , 1248
530 , 530
459 , 918
891 , 891
790 , 2370
482 , 482
158 , 316
199 , 199
284 , 568
382 , 382
781 , 1562
799 , 2397
156 , 312
411 , 1233
875 , 875
146 , 146
493 , 1479
513 , 1026
598 , 598
655 , 1310
884 , 1768
751 , 751
685 , 685
299 , 598
280 , 280
719 , 2157
389 , 778
290 , 870
440 , 880
723 , 1446
562 , 1124
358 , 716
468 , 936
805 , 1610
141 , 282
577 , 1154
397 , 1191
263 , 263
235 , 235
274 , 822
899 , 899
195 , 585
199 , 398
152 , 456
128 , 384
793 , 1586
536 , 1608
400 , 400
770 , 2310
500 , 1500
747 , 1494
220 , 440
436 , 872
388 , 776
547 , 1094
504 , 1008
663 , 663
666 , 666
147 , 294
447 , 447
819 , 1638
335 , 670
490 , 1470
120 , 240
469 , 1407
180 , 180
586 , 1172
614 , 1842
595 , 595
667 , 667
540 , 1620
725 , 2175
289 , 867
833 , 1666
656 , 1968
485 , 1455
542 , 1626
251 , 502
676 , 1352
199 , 597
845 , 2535
140 , 280
613 , 1839
398 , 1194
582 , 1746
322 , 644
496 , 992
807 , 2421
769 , 1538
618 , 1854
100 , 100
798 , 1596
199 , 199
468 , 1404
579 , 579
841 , 1682
572 , 1144
355 , 1065
682 , 2046
794 , 794
483 , 966
767 , 767
100 , 300
161 , 483
151 , 151
208 , 624
765 , 1530
561 , 561
767 , 767
197 , 591
651 , 1953
803 , 2409
415 , 415
657 , 1314
817 , 817
610 , 1830
869 , 1738
118 , 118
532 , 532
658 , 1974
443 , 886
339 , 1017
887 , 2661
479 , 958
863 , 863
434 , 868
259 , 777
153 , 153
687 , 2061
723 , 1446
796 , 1592
534 , 1602
695 , 1390
473 , 946
374 , 374
100 , 300
422 , 844
823 , 1646
756 , 756
605 , 605
823 , 823
758 , 1516
815 , 815
543 , 1629
877 , 877
470 , 1410
375 , 375
572 , 572
680 , 2040
349 , 1047
896 , 1792
156 , 156
155 , 465
868 , 868
123 , 246
783 , 2349
814 , 814
107 , 214
656 , 1312
782 , 1564
698 , 2094
335 , 1005
768 , 768
362 , 362
767 , 767
354 , 354
703 , 703
502 , 1506
102 , 306
541 , 1623
773 , 773
867 , 2601
685 , 685
517 , 517
398 , 796
281 , 562
855 , 855
537 , 537
163 , 326
186 , 558
520 , 1040
553 , 1659
162 , 162
255 , 510
570 , 1710
719 , 1438
603 , 603
549 , 1098
341 , 1023
583 , 583
720 , 2160
260 , 520
857 , 857
776 , 1552
551 , 551
610 , 1830
327 , 981
700 , 2100
385 , 385
820 , 820
731 , 1462
420 , 1260
340 , 1020
183 , 366
300 , 900
479 , 958
397 , 1191
609 , 609
602 , 602
867 , 1734
771 , 2313
837 , 1674
867 , 2601
765 , 1530
734 , 1468
415 , 830
677 , 2031
702 , 1404
478 , 478
246 , 738
704 , 704
432 , 432
274 , 548
166 , 166
214 , 428
118 , 354
741 , 741
867 , 1734
843 , 2529
230 , 460
485 , 970
711 , 1422
583 , 1166
294 , 882
634 , 1268
208 , 208
859 , 2577
494 , 988
867 , 1734
218 , 654
720 , 1440
375 , 750
839 , 1678
406 , 812
498 , 1494
467 , 1401
889 , 2667
181 , 181
257 , 257
869 , 869
178 , 178
667 , 1334
882 , 2646
793 , 2379
458 , 1374
428 , 428
696 , 1392
771 , 1542
178 , 178
402 , 1206
738 , 2214
424 , 848
747 , 1494
103 , 309
606 , 1818
112 , 112
363 , 1089
199 , 398
337 , 337
635 , 1270
617 , 1234
401 , 802
206 , 206
431 , 1293
417 , 417
577 , 1154
513 , 1539
571 , 571
578 , 1156
601 , 1202
696 , 1392
288 , 576
784 , 784
512 , 1024
475 , 1425
748 , 2244
201 , 402
425 , 850
364 , 728
298 , 298
620 , 1240
168 , 336
236 , 472
415 , 1245
576 , 1152
181 , 362
309 , 618
494 , 988
818 , 818
506 , 1518
302 , 906
636 , 1272
142 , 142
202 , 404
125 , 375
874 , 1748
540 , 1080
502 , 1004
705 , 705
560 , 1120
564 , 1128
453 , 906
771 , 771
622 , 1866
215 , 645
353 , 1059
764 , 1528
366 , 366
461 , 922
476 , 952
151 , 151
275 , 550
106 , 318
646 , 1938
257 , 257
454 , 454
425 , 1275
481 , 962
607 , 1821
446 , 446
857 , 1714
575 , 1150
379 , 379
780 , 2340
879 , 1758
266 , 532
136 , 408
147 , 147
160 , 160
386 , 386
549 , 1647
532 , 1596
807 , 1614
129 , 387
835 , 835
676 , 2028
550 , 1650
156 , 156
875 , 2625
685 , 1370
706 , 2118
180 , 540
563 , 563
587 , 587
742 , 2226
134 , 134
382 , 764
407 , 814
708 , 2124
587 , 587
851 , 851
404 , 1212
890 , 2670
367 , 1101
225 , 450
564 , 1692
780 , 780
518 , 1554
858 , 2574
614 , 1842
706 , 2118
139 , 139
444 , 1332
261 , 783
428 , 856
403 , 403
861 , 2583
590 , 590
164 , 164
488 , 1464
608 , 608
357 , 714
675 , 2025
140 , 140
640 , 1280
736 , 736
522 , 1044
250 , 250
466 , 932
475 , 1425
199 , 597
262 , 786
459 , 459
765 , 1530
279 , 837
869 , 869
473 , 1419
353 , 353
662 , 1986
588 , 1764
836 , 2508
710 , 2130
893 , 893
882 , 882
560 , 1120
416 , 832
151 , 151
379 , 379
454 , 454
337 , 674
275 , 825
133 , 133
732 , 2196
516 , 1548
281 , 281
880 , 2640
111 , 111
619 , 1238
704 , 2112
258 , 516
795 , 795
690 , 1380
261 , 261
669 , 1338
726 , 1452
133 , 399
417 , 834
248 , 744
514 , 1542
414 , 414
574 , 1148
272 , 272
190 , 380
511 , 1533
843 , 1686
495 , 1485
531 , 1593
490 , 980
532 , 1596
633 , 1899
879 , 879
804 , 1608
418 , 836
750 , 750
248 , 744
436 , 1308
511 , 1022
564 , 564
208 , 208
485 , 970
307 , 921
269 , 807
851 , 851
363 , 726
199 , 199
460 , 920
466 , 1398
884 , 2652
731 , 731
621 , 621
353 , 1059
353 , 1059
255 , 765
501 , 1503
305 , 305
224 , 224
571 , 1142
420 , 420
414 , 828
105 , 315
191 , 191
613 , 1839
611 , 1222
487 , 1461
204 , 408
346 , 346
440 , 880
356 , 356
265 , 265
468 , 1404
261 , 783
259 , 518
863 , 863
497 , 497
654 , 1308
243 , 729
601 , 1803
273 , 819
624 , 1872
859 , 2577
831 , 2493
326 , 978
612 , 1836
468 , 936
827 , 1654
704 , 2112
861 , 2583
298 , 298
553 , 553
345 , 345
489 , 1467
511 , 1022
556 , 556
411 , 1233
550 , 1650
492 , 984
586 , 1758
609 , 609
327 , 981
486 , 486
790 , 1580
140 , 420
858 , 1716
506 , 506
242 , 726
664 , 664
669 , 669
387 , 1161
541 , 541
631 , 631
683 , 683
293 , 879
386 , 1158
338 , 676
175 , 525
789 , 789
158 , 316
254 , 762
808 , 1616
845 , 2535
215 , 215
681 , 1362
127 , 254
205 , 410
361 , 361
730 , 730
155 , 465
246 , 492
245 , 245
481 , 481
760 , 1520
719 , 719
849 , 849
240 , 480
177 , 531
193 , 579
380 , 760
259 , 259
301 , 301
129 , 387
471 , 1413
597 , 1194
707 , 1414
868 , 868
440 , 880
291 , 873
198 , 198
176 , 352
670 , 1340
564 , 1692
516 , 516
775 , 1550
586 , 1172
606 , 606
855 , 2565
697 , 697
667 , 667
167 , 167
557 , 557
706 , 1412
493 , 1479
362 , 724
130 , 260
664 , 1328
271 , 271
459 , 1377
864 , 2592
323 , 969
491 , 1473
645 , 645
751 , 2253
631 , 1893
853 , 853
683 , 2049
221 , 663
359 , 1077
764 , 2292
704 , 1408
499 , 499
296 , 296
371 , 742
685 , 685
580 , 580
608 , 608
759 , 1518
707 , 2121
533 , 1066
443 , 1329
481 , 481
750 , 750
200 , 400
351 , 1053
876 , 2628
139 , 417
523 , 523
349 , 698
524 , 524
364 , 1092
884 , 1768
636 , 1908
791 , 1582
266 , 798
501 , 1002
198 , 198
329 , 658
250 , 250
853 , 2559
538 , 538
405 , 810
785 , 1570
747 , 747
776 , 1552
869 , 1738
100 , 300
823 , 2469
346 , 1038
340 , 680
317 , 317
151 , 302
713 , 713
701 , 2103
472 , 1416
762 , 1524
202 , 202
308 , 616
642 , 1926
374 , 1122
446 , 446
595 , 1785
195 , 390
232 , 232
338 , 1014
568 , 1136
676 , 676
617 , 1234
107 , 321
602 , 1204
443 , 1329
580 , 1740
487 , 1461
614 , 1228
437 , 437
756 , 756
416 , 832
665 , 1330
604 , 604
120 , 240
369 , 369
436 , 872
693 , 1386
340 , 1020
790 , 790
638 , 1914
637 , 1911
437 , 1311
643 , 1929
254 , 762
845 , 2535
169 , 507
614 , 1842
462 , 1386
386 , 1158
858 , 858
411 , 1233
593 , 1779
616 , 1848
891 , 2673
341 , 1023
610 , 1220
172 , 172
238 , 238
359 , 718
500 , 1000
601 , 1202
162 , 486
500 , 1500
208 , 208
146 , 292
465 , 465
453 , 453
410 , 410
107 , 214
639 , 1278
331 , 993
395 , 1185
123 , 123
820 , 820
674 , 1348
574 , 1722
507 , 507
798 , 798
877 , 877
823 , 2469
684 , 1368
771 , 771
868 , 1736
234 , 234
381 , 381
227 , 227
819 , 1638
749 , 749
271 , 813
804 , 1608
581 , 1743
604 , 604
356 , 712
691 , 1382
440 , 880
699 , 1398
320 , 320
362 , 724
898 , 1796
556 , 1112
299 , 299
386 , 772
602 , 1806
831 , 2493
326 , 326
846 , 2538
417 , 417
731 , 2193
702 , 2106
369 , 369
547 , 1641
613 , 1226
866 , 866
319 , 957
690 , 1380
666 , 666
346 , 346
503 , 1509
578 , 578
402 , 804
441 , 441
349 , 1047
698 , 2094
332 , 996
125 , 125
627 , 1254
469 , 938
791 , 2373
635 , 635
453 , 453
725 , 2175
328 , 328
469 , 1407
221 , 663
571 , 571
263 , 526
227 , 454
553 , 1106
468 , 1404
523 , 1046
727 , 727
839 , 1678
664 , 1328
522 , 1566
425 , 1275
676 , 676
623 , 623
221 , 442
201 , 402
481 , 962
304 , 304
530 , 1060
468 , 1404
746 , 1492
787 , 787
288 , 288
801 , 2403
703 , 1406
458 , 458
160 , 480
285 , 570
124 , 372
897 , 1794
591 , 591
513 , 1026
884 , 1768
828 , 1656
360 , 360
217 , 434
853 , 853
337 , 674
338 , 338
833 , 1666
439 , 878
766 , 766
544 , 1088
763 , 1526
368 , 1104
886 , 2658
313 , 626
355 , 355
450 , 450
798 , 1596
227 , 454
612 , 1836
637 , 1274
321 , 963
157 , 471
561 , 561
418 , 418
768 , 768
246 , 738
285 , 285
385 , 385
752 , 1504
860 , 2580
736 , 1472
210 , 210
861 , 1722
349 , 698
113 , 226
158 , 158
494 , 988
826 , 2478
544 , 1088
400 , 800
414 , 1242
713 , 2139
281 , 562
583 , 1166
565 , 1130
465 , 465
708 , 708
352 , 1056
156 , 468
286 , 572
323 , 323
822 , 822
484 , 484
887 , 887
600 , 1200
762 , 1524
373 , 746
643 , 1286
547 , 1094
740 , 2220
320 , 640
698 , 2094
888 , 2664
817 , 2451
294 , 882
500 , 1000
466 , 1398
248 , 248
598 , 1794
750 , 1500
270 , 810
685 , 2055
705 , 705
142 , 284
436 , 1308
759 , 1518
160 , 480
434 , 434
267 , 801
332 , 332
263 , 526
816 , 2448
864 , 864
350 , 700
244 , 732
371 , 371
329 , 658
448 , 896
367 , 734
470 , 470
194 , 194
226 , 452
115 , 345
729 , 2187
685 , 2055
161 , 483
332 , 332
281 , 562
787 , 787
318 , 954
555 , 1665
153 , 153
245 , 735
111 , 222
181 , 362
342 , 342
798 , 798
350 , 700
783 , 1566
620 , 1860
756 , 2268
426 , 852
147 , 294
622 , 622
390 , 780
755 , 755
655 , 655
591 , 1182
261 , 522
680 , 680
647 , 1294
359 , 359
519 , 519
658 , 1316
492 , 1476
724 , 1448
867 , 2601
536 , 536
118 , 236
406 , 1218
857 , 2571
282 , 564
162 , 162
203 , 203
434 , 434
130 , 390
242 , 242
492 , 1476
808 , 808
459 , 1377
485 , 970
363 , 726
638 , 1276
787 , 1574
387 , 387
574 , 1722
813 , 813
335 , 335
724 , 1448
146 , 438
183 , 183
788 , 2364
826 , 1652
411 , 822
649 , 649
750 , 750
878 , 1756
732 , 1464
232 , 464
165 , 495
153 , 459
543 , 1629
430 , 860
678 , 678
162 , 486
842 , 1684
311 , 622
423 , 846
455 , 910
502 , 1004
202 , 404
600 , 600
245 , 490
578 , 578
564 , 564
663 , 1989
739 , 2217
392 , 784
225 , 225
652 , 1304
636 , 1272
151 , 453
593 , 1186
675 , 1350
836 , 2508
359 , 1077
373 , 373
623 , 623
197 , 197
130 , 130
771 , 2313
444 , 444
217 , 434
122 , 122
771 , 771
576 , 576
454 , 454
235 , 235
741 , 2223
495 , 1485
551 , 1653
831 , 2493
171 , 342
351 , 702
882 , 1764
481 , 962
240 , 720
808 , 2424
870 , 2610
662 , 1986
768 , 2304
648 , 1944
866 , 866
421 , 842
547 , 1094
391 , 782
628 , 628
126 , 126
624 , 1872
745 , 1490
192 , 384
461 , 1383
216 , 648
831 , 831
695 , 2085
109 , 109
494 , 988
133 , 266
783 , 2349
251 , 753
317 , 317
809 , 809
626 , 1878
892 , 1784
574 , 1722
503 , 503
199 , 398
369 , 1107
828 , 1656
274 , 822
150 , 450
702 , 1404
187 , 187
768 , 2304
803 , 1606
615 , 615
457 , 914
439 , 439
392 , 392
314 , 942
466 , 466
761 , 761
171 , 171
750 , 750
192 , 576
259 , 777
666 , 1998
396 , 396
738 , 1476
565 , 565
273 , 546
851 , 1702
476 , 952
337 , 674
401 , 1203
751 , 751
699 , 699
195 , 195
540 , 540
523 , 523
517 , 1034
352 , 1056
237 , 711
599 , 1797
194 , 194
500 , 500
349 , 349
326 , 652
857 , 857
277 , 831
712 , 1424
411 , 822
833 , 1666
183 , 183
193 , 193
879 , 1758
748 , 748
721 , 1442
290 , 870
100 , 200
490 , 980
873 , 1746
847 , 2541
279 , 837
557 , 1114
507 , 1521
658 , 1316
339 , 339
323 , 969
602 , 602
337 , 674
115 , 115
110 , 220
717 , 717
560 , 1680
330 , 330
643 , 643
813 , 2439
739 , 1478
512 , 1024
356 , 1068
779 , 2337
108 , 216
174 , 522
646 , 1292
412 , 412
175 , 350
747 , 2241
688 , 1376
714 , 2142
675 , 675
567 , 567
119 , 357
485 , 970
707 , 2121
345 , 1035
116 , 232
131 , 262
744 , 2232
532 , 1064
330 , 990
311 , 622
376 , 1128
704 , 2112
704 , 1408
549 , 549
305 , 305
782 , 782
508 , 1524
827 , 827
751 , 2253
759 , 759
192 , 384
793 , 793
621 , 1863
461 , 461
363 , 1089
375 , 375
202 , 606
125 , 250
538 , 538
276 , 552
261 , 783
109 , 109
834 , 2502
349 , 349
784 , 2352
639 , 639
814 , 2442
694 , 2082
565 , 1695
498 , 1494
701 , 2103
273 , 819
606 , 1212
299 , 897
645 , 1935
238 , 714
629 , 1887
667 , 1334
427 , 1281
885 , 2655
517 , 1551
274 , 548
156 , 468
705 , 2115
772 , 772
613 , 1226
284 , 568
168 , 336
449 , 898
638 , 1276
754 , 754
133 , 399
365 , 365
755 , 1510
189 , 189
114 , 228
863 , 2589
107 , 214
767 , 2301
302 , 302
198 , 594
361 , 361
137 , 411
210 , 630
728 , 2184
299 , 598
583 , 583
725 , 1450
526 , 526
206 , 206
861 , 1722
639 , 1917
712 , 1424
122 , 122
452 , 452
235 , 470
696 , 696
388 , 776
537 , 1074
769 , 2307
677 , 1354
877 , 1754
124 , 372
900 , 2700
192 , 576
747 , 747
151 , 151
818 , 1636
452 , 904
883 , 2649
467 , 467
305 , 305
241 , 241
314 , 628
273 , 819
794 , 794
545 , 545
767 , 767
779 , 1558
105 , 315
359 , 359
725 , 1450
534 , 1068
268 , 804
228 , 228
751 , 2253
757 , 757
527 , 527
483 , 966
645 , 1290
665 , 665
509 , 1018
421 , 421
486 , 972
778 , 778
535 , 535
414 , 828
792 , 792
112 , 224
177 , 177
343 , 686
640 , 1920
304 , 912
718 , 2154
748 , 748
198 , 198
720 , 2160
364 , 728
339 , 339
331 , 331
296 , 592
568 , 1704
671 , 2013
313 , 313
678 , 2034
279 , 558
896 , 2688
350 , 1050
701 , 2103
314 , 628
570 , 1710
138 , 276
684 , 684
193 , 579
876 , 2628
785 , 1570
510 , 1020
811 , 2433
875 , 875
246 , 738
476 , 952
220 , 220
820 , 2460
363 , 726
139 , 139
282 , 564
836 , 2508
537 , 1074
753 , 2259
400 , 1200
700 , 2100
762 , 762
484 , 968
408 , 1224
621 , 621
325 , 325
560 , 560
370 , 1110
421 , 842
821 , 2463
192 , 384
352 , 704
488 , 1464
127 , 127
725 , 725
890 , 890
848 , 848
223 , 223
152 , 456
335 , 670
401 , 401
101 , 303
340 , 340
280 , 280
144 , 144
122 , 366
117 , 234
325 , 650
359 , 359
758 , 758
493 , 986
876 , 876
806 , 2418
116 , 232
584 , 584
271 , 542
100 , 300
597 , 597
283 , 283
708 , 708
677 , 2031
864 , 2592
723 , 2169
711 , 2133
298 , 894
295 , 590
401 , 401
873 , 1746
383 , 1149
769 , 769
246 , 738
861 , 1722
740 , 740
834 , 1668
735 , 1470
388 , 776
351 , 351
304 , 912
429 , 429
251 , 502
151 , 151
781 , 2343
522 , 1044
267 , 267
308 , 924
534 , 534
484 , 1452
466 , 932
137 , 411
216 , 216
677 , 677
593 , 1186
743 , 1486
474 , 948
717 , 2151
199 , 597
453 , 906
608 , 1216
319 , 319
312 , 936
280 , 280
127 , 381
502 , 1004
755 , 755
421 , 842
742 , 2226
756 , 756
100 , 200
791 , 1582
703 , 703
576 , 576
309 , 309
169 , 507
272 , 544
545 , 1090
317 , 317
864 , 864
875 , 875
689 , 689
632 , 1896
547 , 1641
168 , 336
513 , 1539
380 , 1140
725 , 725
242 , 484
456 , 456
830 , 830
790 , 1580
786 , 786
195 , 390
673 , 673
395 , 395
888 , 1776
403 , 1209
126 , 252
134 , 134
771 , 2313
207 , 207
815 , 815
306 , 306
353 , 1059
483 , 483
365 , 1095
494 , 988
281 , 281
592 , 592
749 , 1498
750 , 1500
151 , 453
653 , 1959
152 , 304
129 , 258
490 , 1470
352 , 1056
666 , 1998
509 , 1018
333 , 333
632 , 1264
245 , 735
363 , 726
446 , 892
228 , 228
211 , 422
721 , 2163
738 , 1476
834 , 2502
250 , 500
560 , 560
625 , 1250
282 , 564
206 , 206
202 , 202
396 , 792
168 , 504
425 , 425
639 , 1278
573 , 573
521 , 521
338 , 1014
132 , 396
427 , 427
530 , 1060
268 , 804
321 , 642
511 , 1022
824 , 2472
807 , 2421
886 , 886
888 , 2664
444 , 444
583 , 583
142 , 142
275 , 275
707 , 707
270 , 540
759 , 759
694 , 1388
167 , 501
111 , 333
321 , 642
848 , 1696
697 , 2091
820 , 1640
355 , 710
764 , 1528
776 , 1552
239 , 239
227 , 227
123 , 123
460 , 920
423 , 846
877 , 2631
825 , 2475
230 , 230
185 , 370
611 , 1833
514 , 1028
627 , 1254
160 , 480
262 , 262
582 , 1164
716 , 1432
853 , 2559
718 , 1436
861 , 1722
504 , 1512
754 , 1508
627 , 1254
684 , 1368
258 , 258
203 , 609
831 , 1662
372 , 1116
332 , 332
130 , 390
167 , 501
288 , 288
422 , 422
756 , 2268
527 , 1581
719 , 719
638 , 638
759 , 1518
681 , 1362
235 , 470
253 , 253
884 , 1768
868 , 1736
178 , 356
349 , 1047
694 , 2082
289 , 289
583 , 1749
225 , 675
481 , 481
422 , 422
297 , 891
728 , 2184
446 , 446
486 , 972
484 , 1452
776 , 1552
601 , 1803
815 , 815
524 , 524
585 , 1170
492 , 492
804 , 2412
238 , 238
718 , 718
143 , 286
167 , 334
660 , 660
844 , 2532
201 , 603
330 , 330
525 , 1575
101 , 202
260 , 780
888 , 2664
691 , 691
158 , 316
553 , 1106
406 , 1218
255 , 765
320 , 960
444 , 444
373 , 373
757 , 1514
510 , 510
809 , 1618
732 , 732
412 , 1236
174 , 348
595 , 595
537 , 1611
284 , 852
550 , 1650
180 , 540
507 , 507
838 , 838
358 , 1074
319 , 638
862 , 2586
283 , 849
475 , 475
861 , 2583
606 , 606
545 , 545
479 , 479
275 , 275
355 , 710
450 , 1350
626 , 1878
810 , 810
569 , 569
657 , 657
145 , 290
771 , 1542
592 , 1184
583 , 1166
638 , 1276
692 , 1384
148 , 296
280 , 560
251 , 753
782 , 1564
127 , 254
306 , 918
303 , 303
855 , 1710
297 , 297
422 , 1266
164 , 492
381 , 1143
830 , 1660
801 , 801
758 , 758
896 , 896
864 , 2592
350 , 350
419 , 838
154 , 308
146 , 292
801 , 801
368 , 736
277 , 277
743 , 1486
368 , 368
383 , 383
864 , 864
722 , 2166
234 , 234
660 , 1320
267 , 534
595 , 595
103 , 206
626 , 1878
465 , 1395
233 , 466
694 , 1388
638 , 638
589 , 1767
495 , 1485
178 , 356
103 , 309
229 , 458
229 , 687
889 , 2667
644 , 1932
743 , 1486
252 , 756
712 , 1424
204 , 408
721 , 2163
527 , 1581
283 , 283
515 , 1030
871 , 871
144 , 144
397 , 1191
425 , 850
254 , 508
337 , 674
675 , 2025
498 , 996
568 , 1704
421 , 421
187 , 187
264 , 528
449 , 449
281 , 281
728 , 1456
139 , 278
189 , 378
374 , 1122
742 , 2226
161 , 483
425 , 1275
644 , 644
257 , 771
684 , 2052
677 , 1354
707 , 707
800 , 1600
240 , 240
418 , 836
764 , 764
580 , 580
143 , 286
416 , 416
595 , 1190
374 , 748
768 , 2304
186 , 558
335 , 670
458 , 1374
337 , 674
661 , 1983
247 , 247
323 , 646
849 , 849
613 , 1226
217 , 434
776 , 2328
834 , 834
182 , 364
524 , 1572
773 , 1546
611 , 1222
550 , 1650
849 , 1698
613 , 1839
698 , 1396
603 , 603
758 , 758
529 , 1058
297 , 891
128 , 256
562 , 1124
494 , 1482
763 , 763
286 , 572
430 , 860
221 , 663
670 , 670
222 , 666
112 , 224
366 , 366
491 , 491
289 , 578
670 , 2010
114 , 342
615 , 1845
844 , 1688
236 , 472
174 , 522
230 , 690
290 , 580
748 , 1496
466 , 932
164 , 328
427 , 854
691 , 2073
107 , 214
337 , 674
693 , 1386
846 , 2538
253 , 253
859 , 2577
521 , 1042
449 , 449
831 , 1662
126 , 126
344 , 344
192 , 192
455 , 455
158 , 158
798 , 1596
870 , 1740
473 , 473
897 , 1794
279 , 837
453 , 453
111 , 111
212 , 636
211 , 422
806 , 1612
718 , 718
834 , 834
494 , 494
863 , 2589
811 , 2433
143 , 429
328 , 328
806 , 806
826 , 826
508 , 1016
351 , 702
328 , 656
245 , 490
395 , 790
489 , 978
169 , 338
690 , 690
492 , 1476
450 , 1350
125 , 375
118 , 354
494 , 494
304 , 608
331 , 662
863 , 2589
900 , 900
825 , 2475
889 , 889
608 , 1824
554 , 1662
730 , 2190
121 , 121
661 , 661
233 , 466
218 , 436
187 , 561
195 , 585
262 , 786
631 , 631
460 , 1380
795 , 795
158 , 158
819 , 2457
658 , 1316
749 , 2247
818 , 818
616 , 1232
553 , 553
614 , 1842
466 , 466
326 , 978
757 , 2271
324 , 972
204 , 204
269 , 538
250 , 750
102 , 102
343 , 686
507 , 1014
840 , 840
498 , 1494
120 , 360
125 , 375
130 , 260
247 , 494
855 , 1710
383 , 383
882 , 882
103 , 206
459 , 918
655 , 655
411 , 1233
897 , 1794
575 , 1150
652 , 1956
305 , 915
272 , 544
238 , 714
210 , 630
118 , 354
712 , 1424
851 , 1702
668 , 668
704 , 704
566 , 1698
466 , 466
598 , 1196
408 , 1224
881 , 1762
255 , 765
298 , 894
367 , 367
348 , 696
589 , 589
234 , 234
534 , 1602
311 , 933
400 , 800
479 , 479
626 , 1252
538 , 538
660 , 660
386 , 386
215 , 430
559 , 559
801 , 801
361 , 361
351 , 702
204 , 204
658 , 1316
761 , 761
208 , 416
411 , 822
866 , 2598
870 , 870
805 , 805
296 , 888
651 , 1302
587 , 587
485 , 485
539 , 539
207 , 207
124 , 124
861 , 1722
376 , 752
878 , 2634
873 , 1746
245 , 490
828 , 828
112 , 112
886 , 886
277 , 831
593 , 1779
200 , 400
485 , 1455
636 , 636
881 , 881
420 , 420
889 , 2667
474 , 474
637 , 1274
863 , 1726
111 , 111
347 , 347
638 , 1276
748 , 2244
629 , 629
377 , 377
852 , 852
585 , 585
279 , 279
169 , 169
689 , 2067
240 , 240
363 , 363
471 , 942
290 , 580
264 , 528
786 , 2358
114 , 342
287 , 287
480 , 1440
460 , 1380
199 , 199
161 , 322
522 , 1566
878 , 1756
104 , 312
226 , 226
806 , 2418
178 , 178
437 , 437
441 , 882
820 , 820
753 , 753
416 , 416
722 , 722
257 , 514
555 , 1110
110 , 330
207 , 414
615 , 615
466 , 1398
590 , 1180
158 , 158
314 , 628
183 , 366
412 , 1236
873 , 1746
153 , 459
421 , 1263
310 , 310
365 , 730
299 , 897
831 , 831
786 , 1572
522 , 1044
708 , 2124
898 , 1796
456 , 456
280 , 560
620 , 1240
306 , 612
583 , 1166
500 , 500
617 , 1234
301 , 903
888 , 1776
550 , 550
733 , 733
735 , 2205
282 , 564
389 , 778
383 , 383
212 , 424
492 , 984
869 , 869
524 , 1048
899 , 1798
679 , 1358
687 , 2061
254 , 508
193 , 193
339 , 339
277 , 277
535 , 1605
467 , 467
845 , 1690
600 , 600
572 , 1716
650 , 1950
768 , 1536
251 , 502
386 , 1158
564 , 564
309 , 927
845 , 845
570 , 1710
662 , 1986
589 , 1767
534 , 534
620 , 620
298 , 298
688 , 688
233 , 699
329 , 987
783 , 2349
243 , 729
693 , 693
562 , 1686
719 , 2157
140 , 280
822 , 1644
127 , 127
129 , 387
156 , 312
851 , 1702
229 , 458
628 , 1884
846 , 846
330 , 330
408 , 816
627 , 1881
849 , 849
445 , 890
848 , 1696
495 , 1485
680 , 680
780 , 1560
212 , 212
670 , 1340
167 , 334
681 , 681
169 , 507
627 , 627
278 , 278
790 , 2370
417 , 417
789 , 1578
896 , 2688
534 , 1602
446 , 446
699 , 699
882 , 1764
731 , 2193
108 , 324
576 , 576
264 , 528
688 , 688
457 , 457
619 , 1238
896 , 896
310 , 620
527 , 1054
283 , 849
611 , 1833
345 , 1035
587 , 1761
203 , 203
571 , 1713
162 , 324
312 , 624
346 , 346
513 , 513
737 , 2211
120 , 120
731 , 731
145 , 145
600 , 1200
179 , 537
183 , 549
351 , 1053
789 , 1578
298 , 894
110 , 110
441 , 882
819 , 819
362 , 362
383 , 766
417 , 417
724 , 1448
177 , 177
701 , 701
378 , 756
730 , 730
882 , 1764
730 , 730
792 , 2376
455 , 910
568 , 1136
220 , 660
377 , 1131
863 , 1726
720 , 1440
543 , 1086
683 , 683
123 , 246
874 , 874
155 , 155
559 , 559
391 , 391
782 , 782
416 , 832
697 , 1394
686 , 686
526 , 1052
729 , 2187
377 , 754
657 , 1314
162 , 486
833 , 1666
407 , 407
532 , 1064
700 , 1400
848 , 2544
701 , 1402
719 , 1438
127 , 381
131 , 262
447 , 447
817 , 1634
827 , 2481
395 , 395
205 , 205
130 , 130
787 , 787
500 , 1500
340 , 340
257 , 514
622 , 1866
502 , 1506
583 , 583
341 , 341
505 , 1010
777 , 777
215 , 430
552 , 1104
200 , 200
420 , 1260
230 , 690
372 , 1116
691 , 1382
560 , 1680
226 , 226
465 , 465
360 , 720
144 , 144
224 , 672
718 , 718
688 , 2064
620 , 1860
714 , 714
875 , 875
399 , 1197
113 , 113
628 , 1884
591 , 1773
332 , 332
837 , 1674
333 , 333
470 , 1410
363 , 1089
244 , 732
738 , 1476
890 , 890
236 , 236
362 , 724
508 , 508
220 , 220
268 , 536
745 , 1490
885 , 2655
255 , 255
737 , 2211
636 , 1908
298 , 298
669 , 1338
303 , 303
835 , 1670
470 , 470
158 , 316
535 , 1605
284 , 284
344 , 344
853 , 1706
417 , 834
421 , 842
440 , 440
597 , 597
513 , 1026
312 , 936
171 , 513
228 , 228
215 , 215
215 , 645
494 , 1482
673 , 673
514 , 1542
230 , 690
635 , 1270
769 , 769
884 , 1768
453 , 1359
655 , 1965
169 , 169
385 , 770
228 , 684
807 , 2421
511 , 1022
444 , 444
836 , 1672
611 , 1833
347 , 347
554 , 1108
405 , 405
855 , 855
404 , 1212
203 , 609
568 , 1704
813 , 2439
832 , 1664
145 , 435
476 , 476
801 , 1602
133 , 266
408 , 1224
176 , 352
672 , 2016
672 , 1344
814 , 1628
605 , 605
746 , 746
754 , 1508
623 , 623
119 , 238
390 , 390
671 , 671
351 , 351
687 , 1374
722 , 2166
500 , 1500
304 , 608
171 , 342
571 , 571
634 , 634
748 , 748
607 , 1821
161 , 322
536 , 1608
585 , 585
652 , 652
483 , 1449
495 , 990
283 , 283
393 , 786
806 , 806
299 , 897
521 , 1042
133 , 399
464 , 928
281 , 281
109 , 218
590 , 1770
702 , 702
705 , 705
146 , 292
348 , 1044
266 , 532
335 , 670
668 , 1336
740 , 1480
895 , 2685
531 , 531
380 , 760
848 , 848
775 , 2325
524 , 524
326 , 652
708 , 2124
139 , 139
524 , 1048
621 , 1863
448 , 1344
373 , 746
631 , 1262
392 , 1176
881 , 1762
868 , 1736
393 , 786
656 , 1312
332 , 664
249 , 747
651 , 1953
205 , 615
885 , 885
892 , 892
745 , 745
465 , 465
310 , 620
577 , 1731
609 , 1827
156 , 156
424 , 1272
163 , 326
671 , 2013
848 , 848
353 , 1059
663 , 1989
782 , 782
357 , 1071
509 , 1527
786 , 1572
195 , 195
311 , 311
167 , 167
197 , 591
884 , 2652
220 , 660
190 , 190
304 , 608
763 , 763
831 , 2493
893 , 893
269 , 807
689 , 689
245 , 735
417 , 1251
564 , 1128
699 , 2097
237 , 711
861 , 1722
393 , 786
507 , 1014
124 , 248
412 , 1236
464 , 1392
711 , 1422
733 , 2199
656 , 656
861 , 2583
267 , 267
819 , 1638
528 , 528
366 , 366
601 , 1202
690 , 1380
270 , 540
556 , 1668
609 , 1218
770 , 2310
125 , 250
547 , 547
117 , 234
301 , 301
692 , 2076
141 , 141
878 , 1756
762 , 2286
289 , 289
451 , 1353
418 , 836
620 , 1240
281 , 281
476 , 952
815 , 1630
357 , 357
303 , 303
651 , 1302
207 , 621
637 , 1911
811 , 2433
741 , 1482
465 , 465
145 , 290
578 , 1156
101 , 303
793 , 1586
747 , 747
324 , 324
229 , 229
536 , 1072
370 , 1110
236 , 472
725 , 2175
205 , 410
329 , 658
610 , 610
817 , 2451
178 , 534
774 , 1548
492 , 492
215 , 430
252 , 252
273 , 819
606 , 1212
696 , 1392
146 , 292
142 , 142
816 , 1632
777 , 777
663 , 1989
541 , 1082
876 , 876
140 , 280
778 , 778
844 , 2532
132 , 264
166 , 166
100 , 300
592 , 592
209 , 418
295 , 590
502 , 1506
704 , 2112
395 , 395
230 , 690
231 , 462
322 , 644
206 , 412
648 , 1296
426 , 426
445 , 445
376 , 376
760 , 2280
541 , 1082
547 , 1094
295 , 885
892 , 892
547 , 1641
296 , 592
427 , 854
160 , 320
266 , 266
337 , 1011
527 , 1581
804 , 1608
320 , 960
232 , 696
736 , 736
774 , 2322
740 , 1480
548 , 1644
270 , 270
634 , 634
125 , 250
356 , 712
885 , 1770
750 , 750
236 , 236
292 , 584
497 , 497
746 , 746
738 , 1476
729 , 2187
324 , 648
272 , 272
715 , 1430
443 , 1329
478 , 956
167 , 167
588 , 1764
